model_name,feature_selection,RoadNet,Segment total,Segment type,RoadNet+Segment total,RoadNet+Segment type
GDBcls,None,0.2650263047685551,0.18855292215196806,0.21619056587544602,0.27167316626239285,0.2582229028429316
GDBcls,mrmr,0.2650263047685551,0.18855292215196806,0.21619056587544602,0.27167316626239285,0.2582229028429316
GDBcls,rfecv_linsvc,0.25589977495503247,0.17313450873280886,0.21659567234084098,0.25134393842370445,0.251588524706627
RFcls,None,0.26087098570113254,0.18993319191494926,0.21737517098315096,0.25585380029551535,0.24942120213183666
RFcls,mrmr,0.26087098570113254,0.18993319191494926,0.21737517098315096,0.25585380029551535,0.24942120213183666
RFcls,rfecv_linsvc,0.25092520640053156,0.17615956959164447,0.2104822648958649,0.2507168899337222,0.2419251082749049
SVM,None,0.2592533479623093,0.1617487515199958,0.20542816122806498,0.258462061060091,0.2553773848635604
SVM,mrmr,0.2592533479623093,0.1617487515199958,0.20542816122806498,0.258462061060091,0.2553773848635604
SVM,rfecv_linsvc,0.24938224592213018,0.13688538997080857,0.2038947604964144,0.24591806682416795,0.2561391849995153
