model_name,feature_selection,RoadNet,Segment total,Segment type,RoadNet+Segment total,RoadNet+Segment type
GDBcls,None,0.3220731707317075,0.23798780487804866,0.2674390243902439,0.3328048780487806,0.3192682926829267
GDBcls,mrmr,0.3220731707317075,0.23798780487804866,0.2674390243902439,0.3328048780487806,0.3192682926829267
GDBcls,rfecv_linsvc,0.3139024390243907,0.2188414634146341,0.26865853658536587,0.31213414634146347,0.3092073170731707
RFcls,None,0.31756097560975616,0.24109756097560972,0.2685365853658535,0.3144512195121951,0.3087804878048782
RFcls,mrmr,0.31756097560975616,0.24109756097560972,0.2685365853658535,0.3144512195121951,0.3087804878048782
RFcls,rfecv_linsvc,0.30384146341463397,0.21792682926829263,0.25884146341463427,0.30926829268292677,0.2976829268292683
SVM,None,0.3118292682926828,0.23262195121951215,0.2649390243902438,0.3177439024390245,0.3212804878048781
SVM,mrmr,0.3118292682926828,0.23262195121951215,0.2649390243902438,0.3177439024390245,0.3212804878048781
SVM,rfecv_linsvc,0.29634146341463413,0.1884146341463414,0.25871951219512185,0.30073170731707316,0.31420731707317073
