model_name,feature_selection,RoadNet,Segment total,Segment type,RoadNet+Segment total,RoadNet+Segment type
GDBcls,None,0.3455655108358704,0.2682416944717451,0.2940831627918572,0.3560155187775731,0.34070732684762817
GDBcls,mrmr,0.3455655108358704,0.2682416944717451,0.2940831627918572,0.3560155187775731,0.34070732684762817
GDBcls,rfecv_linsvc,0.3389452185588324,0.24690019218203332,0.2967980967213949,0.33972924181372355,0.33488224445040876
RFcls,None,0.3433022749540846,0.2741807564962315,0.29334536560172236,0.3408618185605121,0.3307264912857598
RFcls,mrmr,0.3433022749540846,0.2741807564962315,0.29334536560172236,0.3408618185605121,0.3307264912857598
RFcls,rfecv_linsvc,0.32996494615778543,0.2479116019442981,0.28692202923064003,0.33718270626696467,0.32323823272417085
SVM,None,0.33541771184045904,0.24151925582232311,0.2820272100024055,0.3409191036487546,0.3339546606970767
SVM,mrmr,0.33541771184045904,0.24151925582232311,0.2820272100024055,0.3409191036487546,0.3339546606970767
SVM,rfecv_linsvc,0.3229328941600059,0.1879989169443422,0.2821372838648117,0.32690383807882745,0.336881450967666
