model_name,feature_selection,RoadNet,Segment total,Segment type,RoadNet+Segment total,RoadNet+Segment type
GDBcls,None,0.27364841497160397,0.18087208030023003,0.22304305725061202,0.26789948389324836,0.26709694948373225
GDBcls,mrmr,0.27364841497160397,0.1810963811399506,0.22304305725061202,0.26789948389324836,0.26709694948373225
GDBcls,rfecv_linsvc,0.25654754330178126,0.18091307792295133,0.20743983226212903,0.24124130515528058,0.2557065250852031
XGBcls,None,0.24023184265353714,0.19203590842187968,0.21112939834232944,0.24594906529597932,0.23487751487896236
XGBcls,mrmr,0.24023184265353714,0.1922398751897992,0.21112939834232944,0.24594906529597932,0.23487751487896236
XGBcls,rfecv_linsvc,0.23329853752596222,0.1849997438830868,0.20684980070329356,0.2353612763833658,0.23477902615575574
XGBreg,None,0.2631406690966144,0.23510442553347577,0.23296442388191768,0.28344411415550147,0.24523707972080877
XGBreg,mrmr,0.2631406690966144,0.2353789935950054,0.23296442388191768,0.28344411415550147,0.24523707972080877
XGBreg,rfecv_linsvc,0.25944324061591756,0.22759564696179446,0.23738490292702066,0.27199586119835345,0.2591302014240636
