model_name,feature_selection,RoadNet,Segment total,Segment type,RoadNet+Segment total,RoadNet+Segment type
GDBcls,None,0.3161904761904763,0.2223015873015872,0.267063492063492,0.3142857142857143,0.31111111111111145
GDBcls,mrmr,0.3161904761904763,0.22309523809523799,0.267063492063492,0.3142857142857143,0.31111111111111145
GDBcls,rfecv_linsvc,0.3012698412698413,0.22119047619047616,0.25007936507936523,0.29039682539682543,0.29976190476190473
XGBcls,None,0.2892857142857145,0.22992063492063491,0.2546825396825397,0.2923015873015874,0.28444444444444444
XGBcls,mrmr,0.2892857142857145,0.22992063492063491,0.2546825396825397,0.2923015873015874,0.28444444444444444
XGBcls,rfecv_linsvc,0.2812698412698413,0.2230952380952381,0.25341269841269853,0.281984126984127,0.2826984126984128
XGBreg,None,0.37730158730158736,0.3357142857142857,0.36626984126984136,0.39198412698412705,0.3838095238095239
XGBreg,mrmr,0.37730158730158736,0.3358730158730158,0.36626984126984136,0.39198412698412705,0.3838095238095239
XGBreg,rfecv_linsvc,0.37373015873015886,0.3316666666666667,0.35380952380952396,0.3778571428571431,0.37468253968253973
