index_seg,csl
1533,3.0
253,3.0000000000000004
2674,2.0
2675,2.0
3149,3.0000000000000004
329,2.0
330,2.0
362,4.0
4385,4.0
4480,4.0
4481,4.0
4569,5.0
4872,3.0
5367,3.0000000000000004
5458,3.0
5616,3.0000000000000004
5617,3.0000000000000004
5757,3.0
6333,4.0
7316,4.0
7317,4.0
7318,4.0
7593,3.0
7594,3.0
7683,3.0
7727,4.0
776,4.0
777,4.0
7774,3.0000000000000004
7775,3.0
7879,3.0
7880,3.0
8952,2.0
970,2.0
971,2.0
972,2.0
