index_seg,csl
1004,2.0
10595,4.0
11287,4.0
12064,5.0
12898,4.0
13449,5.0
13477,4.0
1533,4.0
251,3.0
2685,3.0000000000000004
2733,3.0
3149,2.0
4012,2.0
4014,2.0
4222,3.0
4273,3.0000000000000004
4789,4.0
4790,4.0
4812,3.0
5209,5.0
5210,5.0
5367,2.0
5748,3.0000000000000004
5749,3.0000000000000004
6214,1.0
648,2.0
808,3.0
8226,4.0
8348,4.0
97,3.0
973,3.0
974,2.9999999999999996
9751,3.0
9822,1.0
