,,pred,pred,pred,pred,pred
,,1,2,3,4,5
True,1,0.0,0.6086956521739131,0.391304347826087,0.0,0.0
True,2,0.007812500000000002,0.21875,0.71875,0.0546875,0.0
True,3,0.0,0.009852216748768473,0.9236453201970443,0.0665024630541872,0.0
True,4,0.0,0.0031347962382445144,0.4482758620689656,0.54858934169279,0.0
True,5,0.0,0.0,0.7142857142857143,0.28571428571428575,0.0
