model_name,feature_selection,RoadNet,Segment total,Segment type,RoadNet+Segment total,RoadNet+Segment type
BAGcls,None,0.32256292667122966,0.30572908348300193,0.34286686040730174,0.3471014990031748,0.34745937674543576
BAGcls,mrmr,0.32256292667122966,0.30572908348300193,0.34286686040730174,0.3471014990031748,0.34745937674543576
BAGcls,rfecv_linsvc,0.3132308932132078,0.288499649653613,0.32446140758644204,0.34261948024768274,0.34804649385245107
GDBcls,None,0.34453470087280513,0.28690694976145426,0.346304041045797,0.35815559510379547,0.3609895345603541
GDBcls,mrmr,0.34453470087280513,0.28690694976145426,0.346304041045797,0.35815559510379547,0.3609895345603541
GDBcls,rfecv_linsvc,0.3264364910888583,0.28278163535020434,0.3347176775081681,0.3492665135623622,0.35605519264372104
XGBcls,None,0.327726342473316,0.30216536275226996,0.3331521902397172,0.35779040876818974,0.3436810978694006
XGBcls,mrmr,0.327726342473316,0.30216536275226996,0.3331521902397172,0.35779040876818974,0.3436810978694006
XGBcls,rfecv_linsvc,0.3195513541390411,0.2755422072636903,0.33607468217414854,0.34739194469758217,0.3426863737099518
