model_name,feature_selection,RoadNet,Segment total,Segment type,RoadNet+Segment total,RoadNet+Segment type
BAGcls,None,0.2795880149812734,0.26685393258426965,0.3118913857677901,0.3051498127340825,0.31554307116104885
BAGcls,mrmr,0.2795880149812734,0.26685393258426965,0.3118913857677901,0.3051498127340825,0.31554307116104885
BAGcls,rfecv_linsvc,0.2694756554307117,0.24709737827715342,0.2934456928838951,0.2978464419475655,0.3150749063670412
GDBcls,None,0.30608614232209747,0.24634831460674161,0.31591760299625454,0.31853932584269656,0.32659176029962544
GDBcls,mrmr,0.30608614232209747,0.24634831460674161,0.31591760299625454,0.31853932584269656,0.32659176029962544
GDBcls,rfecv_linsvc,0.2870786516853933,0.24466292134831458,0.30224719101123604,0.3073970037453183,0.32106741573033726
XGBcls,None,0.2873595505617977,0.25823970037453187,0.29737827715355797,0.31338951310861424,0.30608614232209747
XGBcls,mrmr,0.2873595505617977,0.25823970037453187,0.29737827715355797,0.31338951310861424,0.30608614232209747
XGBcls,rfecv_linsvc,0.27705992509363303,0.23492509363295888,0.30112359550561785,0.301310861423221,0.30468164794007485
