model_name,feature_selection,RoadNet,Segment total,Segment type,RoadNet+Segment total,RoadNet+Segment type
BAGcls,None,0.21646718985827412,0.20266615623650733,0.23460152451290792,0.23687739602124488,0.24092316507233
BAGcls,mrmr,0.21646718985827412,0.20266615623650733,0.23460152451290792,0.23687739602124488,0.24092316507233
BAGcls,rfecv_linsvc,0.20470837305095596,0.1863497983107681,0.22208959777254392,0.22499757002882906,0.23974568949806027
GDBcls,None,0.23134642146984855,0.18862976758118294,0.2385072374041872,0.24420786944897935,0.25268933712855923
GDBcls,mrmr,0.23134642146984855,0.18862976758118294,0.2385072374041872,0.24420786944897935,0.25268933712855923
GDBcls,rfecv_linsvc,0.2158320259091264,0.18587728700064568,0.23283665804296147,0.2295991405302668,0.24551005596487485
XGBcls,None,0.21795167953857994,0.20150042145551778,0.22998099555628088,0.2421492553279866,0.24151588529530654
XGBcls,mrmr,0.21795167953857994,0.20150042145551778,0.22998099555628088,0.2421492553279866,0.24151588529530654
XGBcls,rfecv_linsvc,0.20743477649704462,0.1802886851785005,0.22734070701895734,0.22869258181311902,0.23778978192299666
